<?xml version="1.0" encoding="UTF-8"?><metadata>
    <idinfo>
        <citation>
            <citeinfo>
                <origin/>
                <title>Oyster Habitats Florida</title>
                <geoform>vector digital data</geoform>
                <onlink>https://geodata.myfwc.com/datasets/oyster-beds-in-florida?geometry=-98.448%2C24.682%2C-68.807%2C31.461</onlink>
            </citeinfo>
        </citation>
        <descript>
            <abstract>This GIS data set represents oyster coverage for available study areas in the state of Florida. Not all areas have been mapped, but this dataset represents the oyster data available to FWRI as of March 2025. Polygons representing dead oyster mass have been removed as of January 2022. Previous compilations included both live and dead oysters. Please contact GISLibrarian@MyFWC.com for the full source datasets used in this compilation. Source dates vary and many studies are much older than the compilation date. See the Source Information section for more details.</abstract>
            <purpose>This GIS data set was developed to represent the most recent oyster mapping available in Florida for current statewide display and analysis. Not all areas have been mapped. This data set includes areas that were not previously mapped in other statewide compilations. This data set is not appropriate for time series comparisons to previous statewide compilations. These data are for statewide mapping and analysis only. The original regional data sets may contain more detailed oyster attribution schemes. Contact GIS Librarian to request the source data sets.</purpose>
            <supplinf>Data were provided from the following sources: Apalachicola National Estuarine Research Reserve, Research Planning, Inc., U.S. Army Corps of Engineers, Suwannee River Water Management District, Florida Fish and Wildlife Conservation Commission, Palm Beach County, Scheda Ecological Associates, Inc and Rookery Bay National Estuarine Research Reserve, Northwest Florida Water Management District, Ibis Environmental, Inc., U.S. Geological Survey, South Florida Water Management District, Volety, A. and Savarese, M., Florida Gulf Coast University, University of New Hampshire and The Nature Conservancy, Loxahatchee River District, University of Central Florida, City of Naples, Florida Department of Agriculture and Consumer Services, Sarasota County, St. Johns River Water Management District, Southwest Florida Water Management District, US Fish and Wildlife Service National Wetlands Inventory, FDEP Indian River Lagoon Aquatic Preserves, Smithsonian Marine Station, Dial Cordy and Associates, Inc, Pensacola and Perdido Bays Estuary Program, Marine Research Ecological Consulting. More detailed citations are provided in the Source Contribution sections of the metadata. Prior to July 1, 2004, the Fish and Wildlife Research Institute (FWRI) was known as the Florida Marine Research Institute (FMRI). The institute name has not been changed in historical data sets or references to work completed by the Florida Marine Research Institute. The institute name has been changed in references to ongoing research, new research, and contact information.</supplinf>
        </descript>
        <timeperd>
            <timeinfo>
                <rngdates>
                    <begdate>19920101</begdate>
                    <enddate>20210101</enddate>
                </rngdates>
            </timeinfo>
            <current>ground condition</current>
        </timeperd>
        <status>
            <progress>Complete</progress>
            <update>As needed</update>
        </status>
        <spdom>
            <bounding>
                <westbc>-87.164063</westbc>
                <eastbc>-79.887983</eastbc>
                <northbc>30.736334</northbc>
                <southbc>25.444680</southbc>
            </bounding>
        </spdom>
        <keywords>
            <theme>
                <themekt>FWC Theme</themekt>
                <themekey>coastal</themekey>
                <themekey>benthic</themekey>
                <themekey>mapping</themekey>
                <themekey>GIS</themekey>
            </theme>
            <theme>
                <themekt>ISO 19115 Topic Category</themekt>
                <themekey>biota</themekey>
            </theme>
            <theme>
                <themekt>ISO 19115 Topic Categories</themekt>
                <themekey>biota</themekey>
            </theme>
            <theme>
                <themekt>ISO 19115 Topic Categories</themekt>
                <themekey>biota</themekey>
            </theme>
            <theme>
                <themekt>ISO 19115 Topic Categories</themekt>
                <themekey>biota</themekey>
            </theme>
            <place>
                <placekt>FWC Regions</placekt>
                <placekey>Northeast</placekey>
                <placekey>Northwest</placekey>
                <placekey>North Central</placekey>
                <placekey>South</placekey>
                <placekey>Southwest</placekey>
            </place>
            <place>
                <placekt>FWC Place</placekt>
                <placekey>Florida</placekey>
            </place>
            <place>
                <placekt>Florida Counties</placekt>
                <placekey>Martin</placekey>
                <placekey>Hillsborough</placekey>
                <placekey>Dixie</placekey>
                <placekey>St. Lucie</placekey>
                <placekey>Palm Beach</placekey>
                <placekey>Indian River</placekey>
                <placekey>Manatee</placekey>
                <placekey>Gulf</placekey>
                <placekey>Brevard</placekey>
                <placekey>Franklin</placekey>
                <placekey>Levy</placekey>
                <placekey>Hernando</placekey>
                <placekey>Pinellas</placekey>
                <placekey>Jefferson</placekey>
                <placekey>Citrus</placekey>
                <placekey>Wakulla</placekey>
                <placekey>Pasco</placekey>
                <placekey>Taylor</placekey>
            </place>
            <place>
                <placekt>Water Management Districts</placekt>
                <placekey>Southwest Florida</placekey>
                <placekey>St. Johns River</placekey>
                <placekey>Suwannee River</placekey>
                <placekey>Northwest Florida</placekey>
                <placekey>South Florida</placekey>
            </place>
        </keywords>
        <accconst>Available without restriction. All data must be verified by Principal Investigator or Group Database Analyst prior to release. It is strongly recommended that this data is directly acquired from FWC and not indirectly through other sources which may have changed the data in some way. FWC makes no claims as to the data's suitability for other purposes.</accconst>
        <useconst>Acknowledgement of the FWC-FWRI (Florida Fish and Wildlife Conservation Commission-Fish and Wildlife Research Institute) as the data source would be appreciated in any products developed from these data, and such acknowledgment as is standard for citation and legal practices for data source is expected by users of this data. Please cite the original metadata when using portions of the record to create a similar record of slightly altered data, such as reprojection. If any data are modified or adjusted, please share the edited information with FWC. Users should be aware that comparison with other data sets for the same area from other time periods may be inaccurate due to inconsistencies resulting from changes in mapping conventions, data collection, and computer processes over time. FWC shall not be liable for improper or incorrect use of this data. These data are not legal documents and are not to be used as such. This is not a survey data set and should not be utilized as such. These data are not to be used for navigation.</useconst>
        <ptcontac>
            <cntinfo>
                <cntorgp>
                    <cntorg>FWC-FWRI (Florida Fish and Wildlife Conservation Commission-Fish and Wildlife Research Institute)</cntorg>
                    <cntper>GISLibrarian</cntper>
                </cntorgp>
                <cntpos>GIS Data Librarian</cntpos>
                <cntaddr>
                    <addrtype>mailing and physical</addrtype>
                    <address>100 Eighth Avenue Southeast</address>
                    <address>Fish and Wildlife Research Institute</address>
                    <city>St. Petersburg</city>
                    <state>Florida</state>
                    <postal>33701</postal>
                </cntaddr>
                <cntvoice>727-896-8626</cntvoice>
                <cntfax>727-893-1679</cntfax>
                <cntemail>GISLibrarian@MyFWC.com</cntemail>
            </cntinfo>
        </ptcontac>
        <datacred>These data are compiled data from various source organizations listed in the Source Citations.</datacred>
        <secinfo>
            <secsys>FWRI-DC</secsys>
            <sechandl>Available without restriction</sechandl>
        </secinfo>
        <native>ESRI ArcCatalog 9.3.0.1745</native>
    </idinfo>
    <dataqual>
        <attracc>
            <attraccr>Attributes are accurate. All polygons have been reclassified as simply "oyster" - see source data sets for the original classification.</attraccr>
        </attracc>
        <logic>These data are logically consistent. Polygon topology is present and a topology was run with the "must not overlap" rule applied. All overlaps were dissolved.</logic>
        <complete>This data set is not complete for the state of Florida. It only represents oysters in areas where they have been mapped. If you know of another oyster mapping study to add to this compilation or would like to request the full source datasets, please contact GISLibrarian@myfwc.com. As of January 2022, oysters classified as "Dead" in the follwing source datasets have been removed from the compilation: oysters_big_bend_poly oysters_StLucieEstuary_2003 oysters_sebastian_2006_poly oysters_mosquito_lagoon_2009_poly oysters_sjrwmd_2015 oysters_IndianRiverLagoonAP_2018_poly (named "Florida Fish and Wildlife Conservation Commission, FDEP Indian River Lagoon Aquatic Preserves, and Smithsonian Marine Station 2018" in previous compilations)</complete>
        <posacc>
            <horizpa>
                <horizpar>Positional accuracy has not been tested for the compilation. See Source information for the accuracy of the source data sets.</horizpar>
            </horizpa>
        </posacc>
        <lineage>
            <srcinfo>
                <srccite>
                    <citeinfo>
                        <origin/>
                        <title>oysters_IndianRiverLagoonAP_2018_poly</title>
                        <geoform>vector digital data</geoform>
                    </citeinfo>
                </srccite>
                <typesrc>None</typesrc>
                <srctime>
                    <timeinfo>
                        <rngdates>
                            <begdate>20160101</begdate>
                            <enddate>20180101</enddate>
                        </rngdates>
                    </timeinfo>
                    <srccurr>ground condition</srccurr>
                </srctime>
                <srccitea>oysters_IndianRiverLagoonAP_2018_poly</srccitea>
                <srccontr>Indian River Lagoon, reefs are digitized on a periodic, ongoing basis (delineated by Trimble GPS). This dataset does not represent all oyster reefs within the study area. As of January 2022, all oysters classified as "Dead" from this source have been removed from the compilation. All remaining polygons were retained. Source: FWC et al. (Florida Fish and Wildlife Conservation Commission, FDEP Indian River Lagoon Aquatic Preserves, and Smithsonian Marine Station). 2018. Central Indian River Lagoon Mapping Project. In prep.</srccontr>
            </srcinfo>
            <srcinfo>
                <srccite>
                    <citeinfo>
                        <origin/>
                        <pubdate>20170101</pubdate>
                        <title>oyster_westbay_2017</title>
                        <geoform>vector digital data</geoform>
                        <onlink>http://www.nfwf.org/gulf/Documents/fl-st-andrew-oyster-14.pdf</onlink>
                    </citeinfo>
                </srccite>
                <typesrc>None</typesrc>
                <srccitea>oyster_westbay_2017</srccitea>
                <srccontr>Restored oyster reefs mapped using sidescan sonar. All polygons from this source were used. Florida Fish and Wildlife Conservation Commission 2017. Side scan sonar of Oyster Reef Habitat Restoration in St. Andrew Bay, FL http://www.nfwf.org/gulf/Documents/fl-st-andrew-oyster-14.pdf</srccontr>
            </srcinfo>
            <srcinfo>
                <srccite>
                    <citeinfo>
                        <origin/>
                        <title>seagrass_springscoast_2020</title>
                        <geoform>vector digital data</geoform>
                        <onlink>https://swfwmd.maps.arcgis.com/home/item.html?id=b642d73d77ff44fc818a2fdc377dcccc</onlink>
                    </citeinfo>
                </srccite>
                <typesrc>None</typesrc>
                <srccitea>seagrass_springscoast_2020</srccitea>
                <srccontr>Oyster data (FLUCCS 6540) were selected from this dataset. All oyster polygons were included, completely replacing the previous 2016 data in the area. Citation: Southwest Florida Water Management District. 2022. Seagrass 2020 Springs Coast. GIS, maps and Survey: Shapefile Library. https://swfwmd.maps.arcgis.com/home/item.html?id=b642d73d77ff44fc818a2fdc377dcccc, accessed June 2022.</srccontr>
            </srcinfo>
            <srcinfo>
                <srccite>
                    <citeinfo>
                        <origin/>
                        <origin/>
                        <pubdate>20210101</pubdate>
                        <title>oyster_Escambia_2021</title>
                        <geoform>vector digital data</geoform>
                    </citeinfo>
                </srccite>
                <typesrc>None</typesrc>
                <srctime>
                    <timeinfo>
                        <sngdate>
                            <caldate>20210101</caldate>
                        </sngdate>
                    </timeinfo>
                    <srccurr>publication date</srccurr>
                </srctime>
                <srccitea>oyster_Escambia_2021</srccitea>
                <srccontr>This is one of two datasets from Marine Research Ecological Consulting, Inc. representing the most recent data available for Escambia Bay and Pensacola Bay. All polygons were used. Marine Research Ecological Consulting created this dataset on behalf of Pensacola and Perdido Bays Estuary Program. Johnson G. 2021. Escambia Bay &amp; Pensacola Bay subtidal oyster reef mapping &amp; assessment. Marine Research Ecological Consulting.</srccontr>
            </srcinfo>
            <srcinfo>
                <srccite>
                    <citeinfo>
                        <origin/>
                        <title>oyster_tampa_bay_fwri_2020</title>
                        <geoform>tabular digital data</geoform>
                        <pubinfo>
                            <pubplace/>
                            <publish>Florida Fish and Wildlife Conservation Commission - Fish and Wildlife Research Institute</publish>
                        </pubinfo>
                        <onlink>https://ocean.floridamarine.org/OIMMP/Resources/Tampa_Bay_Oyster_Mapping_2020.pdf</onlink>
                    </citeinfo>
                </srccite>
                <typesrc>None</typesrc>
                <srccitea>oyster_tampa_bay_fwri_2020</srccitea>
                <srccontr>Source: FWRI, Tampa Bay Oyster Reef Mapping 2020. This mapping effort focused on previously unmapped oyster reefs located in Tampa Bay. This effort is intended as a supplement to previous aerial photointerpretation of oyster reefs conducted by the Southwest Florida Water Management District in 2018 (seagrass_swfwmd_2018). Imagery used for photointerpretation of oyster reefs included ESRI base imagery (NASA Blue Marble: Next Generation and icubed Nationwide Prime 1 m resolution imagery) and Google Earth version 7.3.3 satellite and aerial historic imagery. Only live oyster reefs on natural substrate were classified for this effort. Ground truthing is described in the full report, available at: https://ocean.floridamarine.org/OIMMP/Resources/Tampa_Bay_Oyster_Mapping_2020.pdf</srccontr>
            </srcinfo>
            <srcinfo>
                <srccite>
                    <citeinfo>
                        <origin/>
                        <pubdate>20190101</pubdate>
                        <title>oyster_suwannee_fwri_2019</title>
                        <geoform>vector digital data</geoform>
                        <onlink>http://ocean.floridamarine.org/OIMMP/Resources/Suwannee River Oyster Mapping 2019.pdf</onlink>
                    </citeinfo>
                </srccite>
                <typesrc>None</typesrc>
                <srctime>
                    <timeinfo>
                        <sngdate>
                            <caldate>20190101</caldate>
                        </sngdate>
                    </timeinfo>
                    <srccurr>ground condition</srccurr>
                </srctime>
                <srccitea>oyster_suwannee_fwri_2019</srccitea>
                <srccontr>Source: FWRI, Suwannee Sound Oyster Reef Mapping 2019. This mapping effort focused on previously unmapped intertidal oyster reefs located in tidal creeks and near-shore waters located to the north and south of the Suwannee River. This effort is intended as a supplement to previous aerial photointerpretation of oyster reefs conducted by AGRA Baymont, Inc. for the Suwannee River Water Management District (SRWMD) in 2001. Imagery used for photointerpretation of oyster reefs included Landsat imagery (USGS/NASA) and Florida Department of Transport mosaics (FDOT 2011-2014). Twelve percent of the reefs identified were visited for groundtruthing and it was determined the accuracy rate was 99%. This mapping effort did not separate between live and dead patches of oyster reef. Full report for 2019 available: http://ocean.floridamarine.org/OIMMP/Resources/Suwannee River Oyster Mapping 2019.pdf Some polygons in this distribution were replaced by newer data from the Horseshoe Bay mapping efforts by FWRI in 2021.</srccontr>
            </srcinfo>
            <srcinfo>
                <srccite>
                    <citeinfo>
                        <origin/>
                        <pubdate>20170601</pubdate>
                        <title>wetland_fl_nwi_poly</title>
                        <geoform>vector digital data</geoform>
                        <onlink>https://www.fws.gov/wetlands/data/Mapper.html</onlink>
                    </citeinfo>
                </srccite>
                <srcscale>24000</srcscale>
                <typesrc>None</typesrc>
                <srctime>
                    <timeinfo>
                        <sngdate>
                            <caldate>19990101</caldate>
                        </sngdate>
                    </timeinfo>
                    <srccurr>ground condition</srccurr>
                </srctime>
                <srccitea>wetland_fl_nwi_poly</srccitea>
                <srccontr>Oyster data from the National Wetlands Inventory dataset were used in SW Florida where no more recent data were available. NWI (National Wetlands Inventory). 1999. NWI surface waters and wetlands mapper. https://www.fws.gov/wetlands/data/Mapper.html, accessed June 2017.</srccontr>
            </srcinfo>
            <srcinfo>
                <srccite>
                    <citeinfo>
                        <origin/>
                        <origin/>
                        <pubdate>20210101</pubdate>
                        <title>oyster_SantaRosa_2021</title>
                        <geoform>vector digital data</geoform>
                    </citeinfo>
                </srccite>
                <typesrc>None</typesrc>
                <srctime>
                    <timeinfo>
                        <sngdate>
                            <caldate>20210101</caldate>
                        </sngdate>
                    </timeinfo>
                    <srccurr>ground condition</srccurr>
                </srctime>
                <srccitea>oyster_SantaRosa_2021</srccitea>
                <srccontr>This is one of two datasets from Marine Research Ecological Consulting, Inc. representing the most recent data available for Pensacola East and Blackwater Bays. All polygons were used. Marine Research Ecological Consulting created this dataset on behalf of the Nature Conservancy. Johnson G. 2021. Pensacola East &amp; Blackwater bays intertidal &amp; subtidal oyster reef mapping &amp; assessment. Marine Research Ecological Consulting.</srccontr>
            </srcinfo>
            <srcinfo>
                <srccite>
                    <citeinfo>
                        <origin/>
                        <title>landuse_srwmd_2010_11</title>
                        <geoform>vector digital data</geoform>
                    </citeinfo>
                </srccite>
                <typesrc>None</typesrc>
                <srctime>
                    <timeinfo>
                        <rngdates>
                            <begdate>20100101</begdate>
                            <enddate>20110101</enddate>
                        </rngdates>
                    </timeinfo>
                    <srccurr>ground condition</srccurr>
                </srctime>
                <srccitea>landuse_srwmd_2010_11</srccitea>
                <srccontr>Polygons coded 6540 "Oyster" were added to the compilation. All oyster polygons were included. Citation: Suwannee River Water Management District. 2011. Suwannee River Water Management District Land Use Land Cover 2010–2011. www.srwmd.state.fl.us/index.aspx?NID=319, accessed June 2017.</srccontr>
            </srcinfo>
            <srcinfo>
                <srccite>
                    <citeinfo>
                        <origin/>
                        <origin/>
                        <title>benthic_rbnerr_2014</title>
                        <geoform>vector digital data</geoform>
                    </citeinfo>
                </srccite>
                <typesrc>None</typesrc>
                <srctime>
                    <timeinfo>
                        <sngdate>
                            <caldate>20140101</caldate>
                        </sngdate>
                    </timeinfo>
                    <srccurr>ground condition</srccurr>
                </srctime>
                <srccitea>benthic_rbnerr_2014</srccitea>
                <srccontr>Polygons classified as 6540 "Oysters" from this data set were included. This data set replaces the previously mapped partial rbnerr data set. All oyster polygons from this data set were used (minimum mapping unit of 0.25 acres). Citation: Scheda Ecological Associates, Inc and Rookery Bay National Estuarine Research Reserve. 2015. Rookery Bay Watershed Engineering Research Project Task 3.6.3 – Final Report and Map. Tampa, Florida. https://rookerybay.org/images/learn/research-rm/RestoreRB_docs/7-Benthic.habitat.map.Task3.6.3FinalReport.pdf, accessed April 2017.</srccontr>
            </srcinfo>
            <srcinfo>
                <srccite>
                    <citeinfo>
                        <origin/>
                        <pubdate>20150101</pubdate>
                        <title>oysters_intertidal_apalachbay_2012</title>
                        <geoform>vector digital data</geoform>
                    </citeinfo>
                </srccite>
                <typesrc>None</typesrc>
                <srctime>
                    <timeinfo>
                        <sngdate>
                            <caldate>20120101</caldate>
                        </sngdate>
                    </timeinfo>
                    <srccurr>ground condition</srccurr>
                </srctime>
                <srccitea>oysters_intertidal_apalachbay_2012</srccitea>
                <srccontr>University of New Hampshire mapped intertidal oyster reefs using 2012 satellite imagery. All polygons from this data set were used. Citation: Grizzle R, Ward K, Geselbracht L, Birch A. 2017. Apalachicola Bay Florida Intertidal Oyster (Crassostrea virginica) Reef Mapping and Characterization. Final Report to the Florida State Wildlife Grants Program</srccontr>
            </srcinfo>
            <srcinfo>
                <srccite>
                    <citeinfo>
                        <origin/>
                        <title>oysters_estero_2021</title>
                        <geoform>vector digital data</geoform>
                        <othercit>Morton N, O’Toole C, Williams G. 2021. Estero Bay Aquatic Preserve Oyster Reef Mapping. Completed by NV5 Geospatial, submitted to FDEP Estero Bay Aquatic Preserve.</othercit>
                    </citeinfo>
                </srccite>
                <typesrc>None</typesrc>
                <srccitea>oysters_estero_2021</srccitea>
                <srccontr>All polygons categorized as "Living oyster reef" from this data source were used. These polygons replace the previous 2004 data for this area. Report citation: Morton N, O’Toole C, Williams G. 2021. Estero Bay Aquatic Preserve Oyster Reef Mapping. Completed by NV5 Geospatial, submitted to FDEP Estero Bay Aquatic Preserve.</srccontr>
            </srcinfo>
            <srcinfo>
                <srccite>
                    <citeinfo>
                        <origin/>
                        <pubdate>20231122</pubdate>
                        <title>oysters_CedarKey_UF_2023</title>
                        <geoform>vector digital data</geoform>
                    </citeinfo>
                </srccite>
                <typesrc>None</typesrc>
                <srctime>
                    <timeinfo>
                        <sngdate>
                            <caldate>20040101</caldate>
                        </sngdate>
                    </timeinfo>
                    <srccurr>publication date</srccurr>
                </srctime>
                <srccitea>oysters_CedarKey_UF_2023</srccitea>
                <srccontr>University of Florida. Oyster reefs mapped from drone flights conducted in 2021 and 2022. Methods described in publication: Espriella, M. and V. Lecours. 2023. Using Drone Imagery to Map Intertidal Oyster Reefs along Florida’s Gulf of Mexico Coast. Gulf and Caribbean Research 34 (1): 89-96. Retrieved from https://aquila.usm.edu/gcr/vol34/iss1/14. DOI: https://doi.org/10.18785/gcr.3401.14</srccontr>
            </srcinfo>
            <srcinfo>
                <srccite>
                    <citeinfo>
                        <origin/>
                        <origin/>
                        <pubdate>20080101</pubdate>
                        <title>oysters_everglades</title>
                        <geoform>vector digital data</geoform>
                    </citeinfo>
                </srccite>
                <typesrc>None</typesrc>
                <srctime>
                    <timeinfo>
                        <sngdate>
                            <caldate>20040101</caldate>
                        </sngdate>
                    </timeinfo>
                    <srccurr>ground condition</srccurr>
                </srctime>
                <srccitea>oysters_everglades</srccitea>
                <srccontr>All polygons in this data set are included as oyster polygons. Notes present in the source data regarding quality are included as comments. Citation: Volety AK, Savarese M, Hoye B, Loh AN. 2009a. Landscape pattern: Present and past distribution of oysters in south Florida coastal complex (Whitewater Bay/Oyster Bay/Shark to Robert’s Rivers). Completed by Florida Gulf Coast University for the South Florida Water Management District. Fort Myers, Florida. https://www.researchgate.net/publication/234025368_Landscape_Pattern_Present_and_Past_Distribution_of_Oysters_in_South_Florida_Coastal_Complex_Whitewater_BayOyster_BayShark_to_Robert's_Rivers, accessed April 2017.</srccontr>
            </srcinfo>
            <srcinfo>
                <srccite>
                    <citeinfo>
                        <origin/>
                        <origin/>
                        <pubdate>20191201</pubdate>
                        <title>oysters_Caloosahatchee_2019</title>
                        <geoform>vector digital data</geoform>
                        <othercit>Dial Cordy and Associates Inc. 2019. Oyster habitat mapping and substrate characterization in the Caloosahatchee River, Florida. Prepared by Dial Cordy and Associates Inc. for Washington, DC: U.S. Army Corps of Engineers.</othercit>
                    </citeinfo>
                </srccite>
                <typesrc>None</typesrc>
                <srctime>
                    <timeinfo>
                        <sngdate>
                            <caldate>20191201</caldate>
                        </sngdate>
                    </timeinfo>
                    <srccurr>ground condition</srccurr>
                </srctime>
                <srccitea>oysters_Caloosahatchee_2019</srccitea>
                <srccontr>This is the most recent data available for the Caloosahatchee River Estuary (CRE). All polygons except those classified as "Sparse/Mostly Dead Oyster" were used. Dial Cordy and Associates Inc. 2019. Oyster habitat mapping and substrate characterization in the Caloosahatchee River, Florida. Prepared by Dial Cordy and Associates Inc. for Washington, DC: U.S. Army Corps of Engineers.</srccontr>
            </srcinfo>
            <srcinfo>
                <srccite>
                    <citeinfo>
                        <origin/>
                        <pubdate>20070101</pubdate>
                        <title>oysters_apalachbay_2006_poly</title>
                        <edition>1.0</edition>
                        <geoform>vector digital data</geoform>
                        <serinfo>
                            <sername>Open-File Report</sername>
                            <issue>2006-1381</issue>
                        </serinfo>
                        <pubinfo>
                            <pubplace/>
                            <publish>U.S. Geological Survey, Coastal and Marine Geology Program</publish>
                        </pubinfo>
                        <onlink>http://pubs.usgs.gov/of/2006/1381/GIS/shapefile/SurficialGeology.zip</onlink>
                    </citeinfo>
                </srccite>
                <srcscale>30000</srcscale>
                <typesrc>None</typesrc>
                <srctime>
                    <timeinfo>
                        <sngdate>
                            <caldate>20060101</caldate>
                        </sngdate>
                    </timeinfo>
                    <srccurr>publication date</srccurr>
                </srctime>
                <srccitea>oysters_apalachbay_2006_poly</srccitea>
                <srccontr>We used all "dredge/oyster" and "oyster" from this data set. The interpretation is based on the sidescan sonar imagery, the bathymetry, available sediment sample information, and seafloor observations. Citation: Twichell DC, Andrews BD, Edmiston HL, Stevenson, WR. 2007. Geophysical mapping of oyster habitats in a shallow estuary; Apalachicola Bay, Florida. U.S. Geological Survey. https://pubs.er.usgs.gov/publication/ofr20061381 , accessed February 2018.</srccontr>
            </srcinfo>
            <srcinfo>
                <srccite>
                    <citeinfo>
                        <origin/>
                        <pubdate>19920101</pubdate>
                        <title>oysters_nw_fl_1992</title>
                        <geoform>vector digital data</geoform>
                        <pubinfo>
                            <pubplace/>
                            <publish>USGS/BRD</publish>
                        </pubinfo>
                        <othercit>Oysters were reselected from the 1992 seagrass data set which included oysters. See "Larger Work Citation"</othercit>
                    </citeinfo>
                </srccite>
                <srcscale>24000</srcscale>
                <typesrc>None</typesrc>
                <srctime>
                    <timeinfo>
                        <rngdates>
                            <begdate>19920101</begdate>
                            <enddate>19930101</enddate>
                        </rngdates>
                    </timeinfo>
                    <srccurr>ground condition</srccurr>
                </srctime>
                <srccitea>oysters_nw_fl_1992</srccitea>
                <srccontr>This data set gives oyster polygons in the Panhandle and Big Bend areas, interpreted from 1:24,000 natural color aerial photography. It is not an exhaustive mapping effort of oysters, as oysters were only mapped in areas where seagrass was also mapped. There are local areas where more recent mapping efforts have been completed. This data set was used only in areas where no more recent data were available. Some polygons in this distribution near the Steinhatchee River were removed due to confirmation of oyster bed loss during ground truthing efforts associated with the Horseshoe Bay mapping efforts by FWRI in 2021. Citation: U.S. Geological Survey. 1992. Northeastern Gulf of Mexico seagrass mapping project. USGS National Wetlands Research Center.</srccontr>
            </srcinfo>
            <srcinfo>
                <srccite>
                    <citeinfo>
                        <origin/>
                        <pubdate>20060101</pubdate>
                        <title>oysters_naples_poly</title>
                        <geoform>vector digital data</geoform>
                    </citeinfo>
                </srccite>
                <typesrc>None</typesrc>
                <srctime>
                    <timeinfo>
                        <sngdate>
                            <caldate>20050101</caldate>
                        </sngdate>
                    </timeinfo>
                    <srccurr>ground condition</srccurr>
                </srctime>
                <srccitea>oysters_naples_poly</srccitea>
                <srccontr>"Oyster Reef" and "Low Density Oyster Clumping" were categorized as "Oyster". All polygons from this data source were used. This data set was a compilation of multiple sources by City of Naples Natural Resources Department. In areas where two of the sources provided were overlapping, the more recent source was used. Additional oyster polygons digitized by City of Naples Natural Resources Department were also included. Citation: City of Naples. 2005. Oyster Reefs GIS data. http://g.naplesgov.com/cityofnaplesgis/data.html, accessed June 2009.</srccontr>
            </srcinfo>
            <srcinfo>
                <srccite>
                    <citeinfo>
                        <origin/>
                        <pubdate>20110801</pubdate>
                        <title>benthic_SFestuaries_USACE_2011</title>
                        <geoform>vector digital data</geoform>
                    </citeinfo>
                </srccite>
                <typesrc>None</typesrc>
                <srctime>
                    <timeinfo>
                        <rngdates>
                            <begdate>20100101</begdate>
                            <enddate>20110101</enddate>
                        </rngdates>
                    </timeinfo>
                    <srccurr>ground condition</srccurr>
                </srctime>
                <srccitea>benthic_SFestuaries_USACE_2011</srccitea>
                <srccontr>Data classified as "oyster" were used from this data set. All polygons from this data set in the St. Lucie and Loxahatchee River areas were used in the compilation. In the Caloosahatchee River area, local experts through the OIMMP project identified oyster_caloosahatchee_2004 (Volety and Savarese) as a more representative source. Citation: U.S. Army Corps of Engineers. 2011. Benthic habitat mapping and substrate characterization in the northern estuaries, Florida. Prepared by Dial Cordy and Associates, Inc. http://141.232.10.32/pm/ssr_2014/docs/ne_benthic_substrate_2011.pdf, accessed December 2017.</srccontr>
            </srcinfo>
            <srcinfo>
                <srccite>
                    <citeinfo>
                        <origin/>
                        <pubdate>20080429</pubdate>
                        <title>benthic_palmbeach_inshr_2007</title>
                        <geoform>vector digital data</geoform>
                        <pubinfo>
                            <pubplace/>
                            <publish>Avineon, Inc.</publish>
                        </pubinfo>
                    </citeinfo>
                </srccite>
                <typesrc>None</typesrc>
                <srctime>
                    <timeinfo>
                        <sngdate>
                            <caldate>20070101</caldate>
                        </sngdate>
                    </timeinfo>
                    <srccurr>ground condition</srccurr>
                </srctime>
                <srccitea>benthic_palmbeach_inshr_2007</srccitea>
                <srccontr>Polygons with FLUCCS code 6540 (oyster bars/reef) were selected and classified as "oyster". These data were ERASEd with the extent of the 2011 USACE data, so that in areas of overlap, the more recent data were used. Citation: Palm Beach County. 2008. Final project report for the Palm Beach County 2007 habitat mapping project. Prepared by Avineon Inc. www.oyster-restoration.org/wp-content/uploads/2012/06/2007_PBC_Estuarine_Habitat_Mapping_FinalReport.pdf, accessed June 2015.</srccontr>
            </srcinfo>
            <srcinfo>
                <srccite>
                    <citeinfo>
                        <origin/>
                        <pubdate>20110501</pubdate>
                        <title>oysters_mosquitolagoon_2009_poly</title>
                        <geoform>vector digital data</geoform>
                    </citeinfo>
                </srccite>
                <srcscale>24000</srcscale>
                <typesrc>None</typesrc>
                <srctime>
                    <timeinfo>
                        <sngdate>
                            <caldate>20090101</caldate>
                        </sngdate>
                    </timeinfo>
                    <srccurr>ground condition</srccurr>
                </srctime>
                <srccitea>oysters_mosquitolagoon_2009_poly</srccitea>
                <srccontr>Live, Dead, and Restored oyster reef polygons. As of January 2022, all oysters classified as "Dead" from this source have been removed from the compilation. All remaining polygons were retained. Citation: Walters L, Garvis S. 2012. Mosquito Lagoon Oyster Habitat Mapping Project Final Report. Project No. CESU H5000070400. Prepared by the University of Central Florida for the National Park Service.</srccontr>
            </srcinfo>
            <srcinfo>
                <srccite>
                    <citeinfo>
                        <origin/>
                        <pubdate>20100101</pubdate>
                        <title>oysters_panhandle_fdacs</title>
                        <geoform>vector digital data</geoform>
                        <onlink>https://www.gsmfc.org/publications/GSMFC%20Number%20202.pdf</onlink>
                    </citeinfo>
                </srccite>
                <typesrc>None</typesrc>
                <srctime>
                    <timeinfo>
                        <sngdate>
                            <caldate>20100101</caldate>
                        </sngdate>
                    </timeinfo>
                    <srccurr>publication date</srccurr>
                </srctime>
                <srccitea>oysters_panhandle_fdacs</srccitea>
                <srccontr>These data are from the Gulf States Marine Fisheries report "The Oyster Fishery of The Gulf of Mexico United States: A Regional Management Plan". These polygons are used in the Panhandle estuaries except where more recent 2021 data from the Escambia County and The Nature Conservancy are available in Pensacola Bay. Note: A set of hand-drawn oyster maps were created by FDACS personnel for the panhandle using NOAA navigation charts and verified in survey and monitoring efforts. These maps were then digitized by FWC to create the FDACS 2009 – 2010 dataset. While a report is not available regarding the methodology for the creation of these maps, these oyster maps were published in Section 17 of the Gulf States Marine Fisheries Commission Regional Management Plan (VanderKooy 2012). Citation: VanderKooy S. (ed). 2012. The Oyster Fishery of the Gulf of Mexico, United States: A Regional Management Plan – 2012 Revision. Publication No. 202, Gulf States Marine Fisheries Commission, Ocean Springs, Mississippi. http://www.gsmfc.org/publications/GSMFC%20Number%20202.pdf, accessed December 2017.</srccontr>
            </srcinfo>
            <srcinfo>
                <srccite>
                    <citeinfo>
                        <origin/>
                        <pubdate>20051202</pubdate>
                        <title>benthic_SRWMD_2001</title>
                        <pubinfo>
                            <pubplace/>
                            <publish>Suwannee River Water Management District</publish>
                        </pubinfo>
                    </citeinfo>
                </srccite>
                <srcscale>24000</srcscale>
                <typesrc>None</typesrc>
                <srctime>
                    <timeinfo>
                        <sngdate>
                            <caldate>20011119</caldate>
                        </sngdate>
                    </timeinfo>
                    <srccurr>ground condition</srccurr>
                </srctime>
                <srccitea>benthic_SRWMD_2001</srccitea>
                <srccontr>Oyster polygons coded 6540 were selected from this data set. The data were interpreted from 1:24,000 aerial photography. This data set only mapped oyster bars, oyster beds and oyster hash that make up the Waccasassa Reefs and Corrigan Reef. Other oyster bars within seagrass beds or tidal flats were not included. In areas overlapped by oyster polygons from the SRWMD landcover 2010-11, the more recent data were used. Citation: Suwannee River Water Management District. 2001b. Suwannee River Water Management District Seagrass 2001 Seagrass - Northern Big Bend. www.srwmd.state.fl.us/index.aspx?NID=319, accessed June 2017.</srccontr>
            </srcinfo>
            <srcinfo>
                <srccite>
                    <citeinfo>
                        <origin/>
                        <pubdate>20160601</pubdate>
                        <title>oysters_sarasota_2008_2012</title>
                        <geoform>vector digital data</geoform>
                        <onlink>http://www.sarasota.wateratlas.usf.edu/upload/documents/SC-Oyster-Mapping-Report_6-2-2016.pdf</onlink>
                    </citeinfo>
                </srccite>
                <typesrc>None</typesrc>
                <srctime>
                    <timeinfo>
                        <rngdates>
                            <begdate>20080101</begdate>
                            <enddate>20120101</enddate>
                        </rngdates>
                    </timeinfo>
                    <srccurr>ground condition</srccurr>
                </srctime>
                <srccitea>oysters_sarasota_2008_2012</srccitea>
                <srccontr>"Reef" polygons were included in the statewide compilation. This data set was used to supplement the 2020 SWFWMD oyster data that were also present in the area. Any overlaps were resolved in favor of the 2020 data. Citation: Meaux KL, Grimes JD, Perry JS, Janneman RA. 2016. Mapping Oyster Habitat in Sarasota County Florida Waters. Sarasota County Water Atlas. http://www.sarasota.wateratlas.usf.edu/upload/documents/SC-Oyster-Mapping-Report_6-2-2016.pdf, accessed December, 2017.</srccontr>
            </srcinfo>
            <srcinfo>
                <srccite>
                    <citeinfo>
                        <origin/>
                        <pubdate>20100601</pubdate>
                        <title>landuse_nwfwmd_2009_10</title>
                        <geoform>vector digital data</geoform>
                    </citeinfo>
                </srccite>
                <typesrc>None</typesrc>
                <srctime>
                    <timeinfo>
                        <rngdates>
                            <begdate>20090101</begdate>
                            <enddate>20100101</enddate>
                        </rngdates>
                    </timeinfo>
                    <srccurr>ground condition</srccurr>
                </srctime>
                <srccitea>landuse_nwfwmd_2009_10</srccitea>
                <srccontr>Polygons coded 6540 were extracted from this data set and used to replace 1992 oyster mapping within the area of the NWFWMD. All oyster polygons from this data set were used. Previous data from Apalachicola Bay (2006) and Santa Rosa Sound (2003) were retained in the compilation. Citation: Northwest Florida Water Management District 2010. Northwest Florida Water Management District Land Use Land Cover 2009–2010. www.fgdl.org/metadataexplorer/explorer.jsp, accessed June 2017.</srccontr>
            </srcinfo>
            <srcinfo>
                <srccite>
                    <citeinfo>
                        <origin/>
                        <title>oysters_sebastian_2006_poly</title>
                        <geoform>vector digital data</geoform>
                    </citeinfo>
                </srccite>
                <typesrc>None</typesrc>
                <srctime>
                    <timeinfo>
                        <rngdates>
                            <begdate>20051115</begdate>
                            <enddate>20060329</enddate>
                        </rngdates>
                    </timeinfo>
                    <srccurr>ground condition</srccurr>
                </srctime>
                <srccitea>oysters_sebastian_2006_poly</srccitea>
                <srccontr>This data set includes the location and coverage area of most major oyster reefs within the Sebastian River. Each oyster reef was mapped using Real-Time Kinematic GPS (RTK GPS). Transect surveys were conducted at 1-m intervals across the face of the reef, perpendicular to the long-axis of the reef and extending from border to border. The latitude, longitude and height (elevation) data for each 1-m interval were collected using the RTK GPS rover unit. No data points were taken outside the perimeter of the reef. There were several small polygons that were DISSOLVEd by FWRI to remove overlap. Percent live/dead was recorded in the source data. A polygon is classified as a live bed if any live oysters were found within it. As of January 2022, all oysters classified as "Dead" from this source have been removed from the compilation. All remaining polygons were retained. Citation: Gambordella M, McEachron L, Beals C, Arnold WS. 2007. Establishing baselines for monitoring the response of oysters in southeast Florida to changes in freshwater input. Florida Fish and Wildlife Conservation Commission, St. Petersburg, FL.</srccontr>
            </srcinfo>
            <srcinfo>
                <srccite>
                    <citeinfo>
                        <origin/>
                        <pubdate>20210501</pubdate>
                        <title>oyster_horseshoe_fwri_2021</title>
                        <geoform>vector digital data</geoform>
                        <othercit>Final report for this effort available here: https://ocean.floridamarine.org/OIMMP/Resources_2021/Horseshoe_DeadmanBay_Oyster_Mapping_final.pdf</othercit>
                        <onlink>https://geodata.myfwc.com/datasets/oyster-beds-in-florida</onlink>
                    </citeinfo>
                </srccite>
                <typesrc>None</typesrc>
                <srctime>
                    <timeinfo>
                        <sngdate>
                            <caldate>20210501</caldate>
                        </sngdate>
                    </timeinfo>
                    <srccurr>ground condition</srccurr>
                </srctime>
                <srccitea>oyster_horseshoe_fwri_2021</srccitea>
                <srccontr>Source: FWRI, Horseshoe Beach and Deadman Bay Oyster Reef Mapping 2021. This mapping effort focused on intertidal oyster reefs located in tidal creeks and near-shore waters between Horseshoe Beach and Deadman Bay. Imagery used for photointerpretation included ESRI base imagery (NASA Blue Marble: Next Generation and i-cubed Nationwide Prime 1-m resolution imagery) and Google Earth version 7.3.3 satellite and aerial historic imagery (Google Inc., Mountain View CA) (imagery from 2017-2021). Only live oyster reefs were classified for this effort. Ground truthing is described in the full report, available at: https://ocean.floridamarine.org/OIMMP/Resources_2021/Horseshoe_DeadmanBay_Oyster_Mapping_final.pdf Ground truthing in 2021 for the Horseshoe region revealed that some reefs that were mapped by the USGS in 1992 near the Steinhatchee River were no longer present, so those polygons were removed. In addition, ground truthing north of Horseshoe Beach required the replacement of some of the reefs occurring the Suwannee River which were mapped by FWRI in 2019.</srccontr>
            </srcinfo>
            <srcinfo>
                <srccite>
                    <citeinfo>
                        <origin/>
                        <pubdate>20160101</pubdate>
                        <title>oysters_sjrwmd_2015</title>
                        <geoform>vector digital data</geoform>
                        <onlink>http://data-floridaswater.opendata.arcgis.com/</onlink>
                    </citeinfo>
                </srccite>
                <typesrc>None</typesrc>
                <srctime>
                    <timeinfo>
                        <rngdates>
                            <begdate>20090101</begdate>
                            <enddate>20160101</enddate>
                        </rngdates>
                    </timeinfo>
                    <srccurr>ground condition</srccurr>
                </srctime>
                <srccitea>oysters_sjrwmd_2015</srccitea>
                <srccontr>Oysters were mapped by the SJRWMD and UCF. All polygons were categorized as "oyster" and existing live/dead attribute information was preserved. As of January 2022, all oysters classified as "Dead" from this source have been removed from the compilation. All remaining polygons were retained. Citation: St. Johns River Water Management District. 2016. Northern coastal basin intercoastal oysters map. www.arcgis.com/home/item.html?id=ac2979f9260e404f874a5f765daeaaa3, accessed April 2017.</srccontr>
            </srcinfo>
            <srcinfo>
                <srccite>
                    <citeinfo>
                        <origin/>
                        <origin/>
                        <title>seagrass_SWFWMD_FWRI_2024</title>
                        <geoform>vector digital data</geoform>
                        <onlink>https://data-swfwmd.opendata.arcgis.com/datasets/swfwmd::seagrass-in-2020/</onlink>
                    </citeinfo>
                </srccite>
                <typesrc>None</typesrc>
                <srccitea>seagrass_SWFWMD_FWRI_2024</srccitea>
                <srccontr>FWRI, Refining Suncoast seagrass maps to identify oyster reefs 2024. This mapping effort focused on intertidal oyster reefs within the Suncoast region (including Tampa Bay, Sarasota Bay, and northern Charlotte Harbor) of the Southwest Florida Water Management District, from Tarpon Springs to Boca Grande Pass.  Imagery used for photointerpretation included Imagery basemaps in ArcMap (Source: Esri, DigitalGlobe, GeoEye, i-cubed, USDA FSA, USGS, AEX, Getmapping, Aerogrid, IGN, IGP, swisstopo, and the GIS User Community) and Google Earth Pro 7.3.6 (Google LLC; Mountain View, CA). Only live oyster reefs were classified for this effort. Ground truthing is described in the full report, available at: https://ocean.floridamarine.org/OIMMP/Resources_2024/TIGMappingReport-SWFWMD2020Review-09092024.pdf. Groundtruthing in 2023 and 2024 for this mapping effort revealed that some polygons with an ‘oyster’ designation that were mapped by the SWFWMD were not oyster reefs, so those polygons were removed. This map replaces ‘oyster’ polygons from the SWFWMD 2020 seagrass mapping effort.</srccontr>
            </srcinfo>
            <srcinfo>
                <srccite>
                    <citeinfo>
                        <origin/>
                        <pubdate>20020927</pubdate>
                        <title>oysters_big_bend_poly</title>
                        <geoform>vector digital data</geoform>
                        <pubinfo>
                            <pubplace/>
                            <publish>Suwannee River Water Management District</publish>
                        </pubinfo>
                    </citeinfo>
                </srccite>
                <srcscale>24000</srcscale>
                <typesrc>None</typesrc>
                <srctime>
                    <timeinfo>
                        <sngdate>
                            <caldate>20011101</caldate>
                        </sngdate>
                    </timeinfo>
                    <srccurr>ground condition</srccurr>
                </srctime>
                <srccitea>oysters_big_bend</srccitea>
                <srccontr>Polygons oyster codes 6540 (oysters) and 6541 (oysters patchy) were reclassified as live oysters and 6542 (oysters remnant) was reclassified as dead. In areas overlapped by oyster polygons from the SRWMD landcover 2010-11, the more recent data were used. As of January 2022, all oysters classified as "Dead" from this source have been removed from the compilation. All remaining polygons were retained. Citation: Suwannee River Water Management District. 2001. Suwannee River Water Management District Suwannee Estuary 2001 oyster habitat mapping project. www.srwmd.state.fl.us/index.aspx?NID=319, accessed May 2017.</srccontr>
            </srcinfo>
            <srcinfo>
                <srccite>
                    <citeinfo>
                        <origin/>
                        <pubdate>20241001</pubdate>
                        <title>oysters_CharlotteHarbor_FWRI_2024</title>
                        <geoform>vector digital data</geoform>
                    </citeinfo>
                </srccite>
                <srcscale>24000</srcscale>
                <typesrc>None</typesrc>
                <srctime>
                    <timeinfo>
                        <sngdate>
                            <caldate>20241001</caldate>
                        </sngdate>
                    </timeinfo>
                    <srccurr>ground condition</srccurr>
                </srctime>
                <srccitea>oysters_CharlotteHarbor_FWRI_2024</srccitea>
                <srccontr>FWRI, Charlotte Harbor intertidal oyster mapping 2024. This mapping effort focused on intertidal oyster reefs within the Charlotte Harbor region. Imagery used for photointerpretation included Imagery basemaps in ArcMap (Source: Esri, DigitalGlobe, GeoEye, i-cubed, USDA FSA, USGS, AEX, Getmapping, Aerogrid, IGN, IGP, swisstopo, and the GIS User Community) and Google Earth Pro 7.3.6 (Google LLC; Mountain View, CA). Only live oyster reefs were classified for this effort. Ground truthing is described in the full report, available at: https://ocean.floridamarine.org/OIMMP/Resources_2024/TIGMappingReport-CharlotteHarbor-08262024.pdf. This map replaces polygons from the 2004 oyster mapping effort and 1999 seagrass mapping effort.</srccontr>
            </srcinfo>
            <srcinfo>
                <srccite>
                    <citeinfo>
                        <origin/>
                        <pubdate>20081219</pubdate>
                        <title>oysters_loxahatchee_2008</title>
                        <geoform>vector digital data</geoform>
                        <onlink>http://loxahatcheeriver.org/pdf/OY2007-08.pdf</onlink>
                    </citeinfo>
                </srccite>
                <typesrc>None</typesrc>
                <srctime>
                    <timeinfo>
                        <sngdate>
                            <caldate>20080101</caldate>
                        </sngdate>
                    </timeinfo>
                    <srccurr>ground condition</srccurr>
                </srctime>
                <srccitea>oysters_loxahatchee_2008</srccitea>
                <srccontr>This data set is used to supplement the 2011 US Army Corps of Engineers data in the Loxahatchee River - any overlaps were resolved in favor of the more recent 2011 data. Citation: Howard B, Arrington DA. 2008. Loxahatchee river water quality and biological monitoring. Task 2: final report. Assessment of 2007-2008 Loxahatchee river oyster mapping &amp; recruitment. Loxahatchee River District. http://loxahatcheeriver.org/pdf/OY2007-08.pdf, accessed December 2017.</srccontr>
            </srcinfo>
            <srcinfo>
                <srccite>
                    <citeinfo>
                        <origin/>
                        <pubdate>20120801</pubdate>
                        <title>ESI Florida Panhandle (Invertebrates)</title>
                        <geoform>vector digital data</geoform>
                    </citeinfo>
                </srccite>
                <typesrc>None</typesrc>
                <srctime>
                    <timeinfo>
                        <sngdate>
                            <caldate>20120101</caldate>
                        </sngdate>
                    </timeinfo>
                    <srccurr>publication date</srccurr>
                </srctime>
                <srccitea>ESI Florida Panhandle (Invertebrates)</srccitea>
                <srccontr>"Eastern Oyster" with a medium or high concentration was reselected from the panhandle ESI invertebrates dataset for Choctawhatchee Bay, and St. Andrew Bay areas. 2021 polygons from Escambia County and The Nature Conservancy replaced these polygons in Pensacola Bay. Citation: Research Planning, Inc. 2012. Sensitivity of coastal environments and wildlife to spilled oil. West Florida Atlas. Prepared for the Florida Department of Environmental Protection. Tallahassee, Florida. http://ocean.floridamarine.org/esimaps/pdf/Panhandl/INDEX.pdf, accessed January 2018.</srccontr>
            </srcinfo>
            <srcinfo>
                <srccite>
                    <citeinfo>
                        <title>oysters_guana_UF_GTMNERR_2022</title>
                        <onlink>https://www.nerrssciencecollaborative.org/</onlink>
                    </citeinfo>
                </srccite>
                <typesrc>None</typesrc>
                <srccitea>oysters_guana_UF_GTMNERR_2022</srccitea>
                <srccontr>Source: Fischman HS, Kindelspire J, Cordero O, Smyth AR, Angelini C. 2023. NOAA National Estuarine Research Reserve System (NERRS). Science Collaborative. Data accessed from the NOAA NERRS Centralized Data Management Office via the NERRS Science Collaborative website: https://www.nerrssciencecollaborative.org/. Map of consolidated and unconsolidated reef created from drone imagery collected in 2022.</srccontr>
            </srcinfo>
            <srcinfo>
                <srccite>
                    <citeinfo>
                        <title>oysters_mosquitolagoon_UCF_IRLNEP_2021</title>
                        <onlink>https://doi.org/10.3390/environments10080133</onlink>
                    </citeinfo>
                </srccite>
                <typesrc>None</typesrc>
                <srccitea>oysters_mosquitolagoon_UCF_IRLNEP_2021</srccitea>
                <srccontr>Source: Benson GW, Donnelly MJ, Sacks PE, Walters LJ. 2023. Documenting Loss and Fragmentation of Intertidal Oyster (Crassostrea virginica) Reefs in a Subtropical Estuary. Environments, 10(8), 133. https://doi.org/10.3390/environments10080133. Reefs mapped using 2021 aerial imagery</srccontr>
            </srcinfo>
            <srcinfo>
                <srccite>
                    <citeinfo>
                        <title>oysters_suwannee_springscoast_fwri_2023</title>
                        <onlink>https://ocean.floridamarine.org/OIMMP/</onlink>
                    </citeinfo>
                </srccite>
                <typesrc>None</typesrc>
                <srccitea>oysters_suwannee_springscoast_fwri_2023</srccitea>
                <srccontr>Source: FWRI, Suwannee Sound and Springs Coast Intertidal Oyster Reef Mapping 2023. This mapping effort focused on intertidal oyster reefs in the greater Suwannee Sound and along the Withlacoochee and Crystal Rivers. Imagery used for photointerpretation included Imagery basemaps in ArcMap (Source: Esri, DigitalGlobe, GeoEye, i-cubed, USDA FSA, USGS, AEX, Getmapping, Aerogrid, IGN, IGP, swisstopo, and the GIS User Community) and Google Earth Pro 7.3.6 (Google LLC; Mountain View, CA). Only live oyster reefs were classified for this effort. Ground truthing is described in the full report, available at: https://ocean.floridamarine.org/OIMMP/Resources_2023/TIGMappingReport-SuwanneeSpringsCoast-12132023.pdf. Groundtruthing in 2023 for this mapping effort revealed that some reefs that were mapped by the SRWMD in 2001 and USGS in 1992 were no longer present, so those polygons were removed. In addition, this map replaces some polygons from the FWRI 2019 mapping effort.</srccontr>
            </srcinfo>
            <srcinfo>
                <srccite>
                    <citeinfo>
                        <title>oysters_manateeriver_fwri_2023</title>
                    </citeinfo>
                </srccite>
                <typesrc/>
                <srccitea>oysters_manateeriver_fwri_2023</srccitea>
                <srccontr>Source: FWRI, Manatee River Subtidal Oyster Reef Mapping 2023. This mapping effort focused on subtidal oyster reefs in the Manatee River. Imagery used for photointerpretation included 2022 aerial true color and infrared imagery collected by Manatee County (true color imagery available at https://www.mymanatee.org/gisapps/gis/clipzipship/map2.html) All subtidal oyster reefs were ground truthed. Ground truthing is described in the full report, available at: https://ocean.floridamarine.org/OIMMP/Resources_2023/TIGMappingReport-ManateeRiver-12142023.pdf.</srccontr>
            </srcinfo>
            <srcinfo>
                <srccite>
                    <citeinfo>
                        <title>oysters_oletariver_fwri_2022</title>
                        <onlink>https://ocean.floridamarine.org/OIMMP/Resources_2022/Oleta_River_Oyster_Mapping.pdf</onlink>
                    </citeinfo>
                </srccite>
                <typesrc>None</typesrc>
                <srccitea>oysters_oletariver_fwri_2022</srccitea>
                <srccontr>FWRI, Oleta River Oyster Reef Mapping 2022. This mapping effort focused on previously unmapped intertidal and subtidal oyster reefs located in tributaries to Biscayne Bay. Potential oyster reefs were identified by the Watershed Action Lab https://www.watershedactionlab.com/. Ground truthing was conducted by FWRI and graduate students from the Rosenstiel School of Marine, Atmospheric, and Earth Science. The reefs were outlined with a real-time kinematic global positioning system (RTK GPS) and digitized in ArcGIS. The presence of live oysters was confirmed on all mapped reefs. A full report describing this effort is available at: https://ocean.floridamarine.org/OIMMP/Resources_2022/Oleta_River_Oyster_Mapping.pdf</srccontr>
            </srcinfo>
            <srcinfo>
                <srccite>
                    <citeinfo>
                        <title>oysters_suwannee_unh_2022</title>
                        <onlink>https://ocean.floridamarine.org/OIMMP/Resources_2022/UNHSubstructure%202022%20Final%20Report%20Suwannee%20Sound.pdf</onlink>
                    </citeinfo>
                </srccite>
                <typesrc>None</typesrc>
                <srccitea>oysters_suwannee_unh_2022</srccitea>
                <srccontr>The University of New Hampshire and Substructure, Inc, Suwannee Sound Oyster Reef Mapping 2022. This mapping effort focused on updating intertidal oyster maps in the Cedar Key region of Suwannee Sound. Mapping efforts were completed by the University of New Hampshire and Substructure, Inc. using recent satellite imagery (2014 – 2020) available in Google Earth. Maps were ground truthed in 2021 and 2022. Citation: Grizzle R, Ward K, Waddington T, Reis T. 2023. Final Report—Suwannee Sound Oyster Reef Mapping. Prepared by the University of New Hampshire for the Florida Fish and Wildlife Conservation Commission. 29 pp. Available from https://ocean.floridamarine.org/OIMMP/Resources_2022/UNHSubstructure%202022%20Final%20Report%20Suwannee%20Sound.pdf</srccontr>
            </srcinfo>
            <srcinfo>
                <srccite>
                    <citeinfo>
                        <title>oysters_IndianRiver_FWRI_2025</title>
                        <onlink>https://ocean.floridamarine.org/OIMMP/Resources_2025/Indian_River_Oyster_mapping.pdf</onlink>
                    </citeinfo>
                </srccite>
                <typesrc>None</typesrc>
                <srccitea>oysters_IndianRiver_FWRI_2025</srccitea>
                <srccontr>This mapping focused on previously unmapped natural reefs in the Indian River. Oyster reefs were located based on local knowledge and recommendations. In-situ photographs and aerial imagery were used to assist with delineation of confirmed oyster reefs. All reefs were confirmed via ground truthing. Ground truthing is described in the full report, available at: https://ocean.floridamarine.org/OIMMP/Resources_2025/Indian_River_Oyster_mapping.pdf. FWC (Florida Fish and Wildlife Conservation Commission) 2025. Indian River Oyster Reef Mapping 2025. St. Petersburg, FL: Florida Fish and Wildlife Conservation Commission, Fish and Wildlife Research Institute, Oyster Integrated Mapping and Monitoring Program.</srccontr>
            </srcinfo>
            <srcinfo>
                <srccite>
                    <citeinfo>
                        <title>benthic_SLE_JohnsonFOS_SFWMD_2019</title>
                    </citeinfo>
                </srccite>
                <typesrc>None</typesrc>
                <srccitea>benthic_SLE_JohnsonFOS_SFWMD_2019</srccitea>
                <srccontr>The outline of oyster reefs was created in 2019 by the Land &amp; Sea Surveying Concepts, Inc. and Johnson Engineering, Inc. Land &amp; Sea Surveying used an Edgetech 4125 600/1600 kHz side scan sonar to scan areas of the suspected oyster reefs and oyster clumps throughout the St. Lucie Estuary. Polygons were created for muck, oyster, sand and shell. Ground truthing for this mapping was completed by Glenn Coldren of the Florida Oceanographic Society. Citation: Johnson Engineering and Florida Oceanographic Society. 2019. Oyster Mapping in St. Lucie Estuary. Mapping completed by Johnson Engineering, Inc., Land &amp; Sea Surveying Concepts, Inc., and the Florida Oceanographic Society for the South Florida Water Management District.</srccontr>
            </srcinfo>
            <srcinfo>
                <srccite>
                    <citeinfo>
                        <title>oysters_apalachicola_FSU_2025</title>
                    </citeinfo>
                </srccite>
                <typesrc>None</typesrc>
                <srccitea>oysters_apalachicola_FSU_2025</srccitea>
                <srccontr>The outline of created oyster reefs adjacent to the Florida State University Coastal and Marine Laboratory. Sea &amp; Shoreline Aquatic Restoration created these maps on behalf of Florida State University by connecting a series of perimeter points. Citation: Sea &amp; Shoreline and Florida State University 2025. Florida State University Coastal and Marine Laboratory created oyster reefs.</srccontr>
            </srcinfo>
            <srcinfo>
                <srccite>
                    <citeinfo>
                        <title>oysters_PensacolaEastBay_TNC_2024</title>
                    </citeinfo>
                </srccite>
                <typesrc>None</typesrc>
                <srccitea>oysters_PensacolaEastBay_TNC_2024</srccitea>
                <srccontr>The outline of created subtidal oyster reefs parallel to the shoreline of East Bay in Pensacola Bay. Reef polygons were created by CH2M based on the elevation maps provided by the construction consultant, Crowder Gulf, on behalf of the Nature Conservancy. Citation: The Nature Conservancy 2024. Pensacola Easy Bay Constructed Oyster Reefs Footprints. Created by CH2M for The Nature Conservancy.</srccontr>
            </srcinfo>
            <procstep>
                <procdesc>Oyster polygons were selected from the source data sets. Each file was given new attributes to classify based on its source data set and the date of the source data, as well as a generic DESCRIPT attribute to indicate that each polygon represents "Oyster". In areas where source files overlapped, the newest data was used. The "oysters_apalachbay_2006", "benthic_srwmd_2001", and "oysters_big_bend" data sets overlapped the "oysters_nw_fl_1992" data set so their extent was ERASEd from the 1992 dataset. Extent footprints for "benthic_srwmd_2001" and "oysters_big_bend" were estimated based on the description of the study area given by Suwannee River Water Management District since these files only represented oysters, not the full bounding box of the project. Along the northern and southern edges of the study areas, polygons from the "oysters_nw_fl_1992" were preserved if it was unclear whether or not the area had been included in the SRWMD studies. The following data sets contained some small overlaps within the source files: "oysters_tampabay", "oysters_Loxahatchee_Rv_2004", and "oysters_sebastian_2006_poly". These overlaps were eliminated by a DISSOLVE of the full data set. The data set was loaded into ArcSDE.</procdesc>
                <procdate>20080701</procdate>
                <proccont>
                    <cntinfo>
                        <cntperp>
                            <cntper>GISLibrarian</cntper>
                        </cntperp>
                        <cntpos>GISLibrarian</cntpos>
                        <cntaddr>
                            <addrtype>mailing and physical</addrtype>
                            <address>Fish and Wildlife Research Institute</address>
                            <address>100 Eighth Avenue Southeast</address>
                            <city>St. Petersburg</city>
                            <state>Florida</state>
                            <postal>33701</postal>
                        </cntaddr>
                        <cntvoice>727-896-8626</cntvoice>
                        <cntfax>727-893-1679</cntfax>
                        <cntemail>GISLibrarian@MyFWC.com</cntemail>
                    </cntinfo>
                </proccont>
            </procstep>
            <procstep>
                <procdesc>Oysters for Estero Bay area were added to the compilation.</procdesc>
                <procdate>20080901</procdate>
            </procstep>
            <procstep>
                <procdesc>Oysters from 2003 Pensacola Bay and Santa Rosa Sound, and 2007 SJRWMD were added to the compilation.</procdesc>
                <procdate>20090330</procdate>
            </procstep>
            <procstep>
                <procdesc>Oysters for Springs Coast were added to the compilation</procdesc>
                <procdate>20090601</procdate>
            </procstep>
            <procstep>
                <procdesc>Oysters from the Rookery Bay dataset were added to the compilation. Additional polygons are present in the source data, labeled "Sparse SAV or Oyster". These were not included in the compilation.</procdesc>
                <procdate>20100401</procdate>
            </procstep>
            <procstep>
                <procdesc>Oysters from the Mosquito Lagoon 2009 data set were added to the compilation. An additional attribute 'OYSTER' was added to indicate whether a bed is live, dead, or restored. This fields is only populated if the information is present in the source data.</procdesc>
                <procdate>20111114</procdate>
            </procstep>
            <procstep>
                <procdesc>Oysters from Palm Beach County 2007, Naples 2006, and USACE 2011 were added to the compilation.</procdesc>
                <procdate>20150401</procdate>
            </procstep>
            <procstep>
                <procdesc>Features from the oysters_nw_fl_1992 source in the vicinity of Cedar Key were rectified spatially due to noticable locational errors between the digital data and the real world locations. Only areas where no more recent data exist are included from the oysters_nw_fl_1992 source.</procdesc>
                <procdate>20170101</procdate>
            </procstep>
            <procstep>
                <procdesc>Features were added from the oyster_sjrwmd_2015 dataset. All features from this source were used. 3 small overlaps present in the source data were corrected.</procdesc>
                <procdate>20170221</procdate>
            </procstep>
            <procstep>
                <procdesc>Oyster data from the 2016 SWFWMD seagrass mapping and the 2009-10 NWFWMD land use land cover dataset were added.</procdesc>
                <procdate>20170501</procdate>
            </procstep>
            <procstep>
                <procdesc>Oyster data from SRWMD 2010-11 landuse, the Everglades, and Rookery Bay NERR (2014) were added.</procdesc>
                <procdate>20170613</procdate>
            </procstep>
            <procstep>
                <procdesc>Oyster data from NWFWMD 2006-2007 landuse were added in the St. Andrew Bay area.</procdesc>
                <procdate>20170728</procdate>
            </procstep>
            <procstep>
                <procdesc>Oyster data for 2016 in the Springs Coast area were added. This completely replaces the previous 2007 mapping in the Springs Coast area.</procdesc>
                <procdate>20171010</procdate>
            </procstep>
            <procstep>
                <procdesc>After consultation with local experts through the OIMMP project, USACE 2011 data in the Caloosahatchee River area were removed and replaced with data from Volety and Savarese (2004). The 1999 Estero Bay data were also updated with the 2004 Volety and Savarese data in areas of overlap. Loxahatchee River (2008) oyster mapping was added, completely replacing the 2004 Loxahatchee data.</procdesc>
                <procdate>20180117</procdate>
            </procstep>
            <procstep>
                <procdesc>Oyster data added from ESI panhandle (2012), with the exception of "LOW" concentration areas. Data added from 2010 FDACS. Oyster "Reef" data added from Sarasota County (2008-2012). Intertidal Apalachicola oysters added (University of New Hampshire, 2012). Historical Apalachicola oysters added (FWRI 1980's). "Half Moon Plant" added (ANERR, 2018). Topology was run and overlap errors were corrected.</procdesc>
                <procdate>20180511</procdate>
            </procstep>
            <procstep>
                <procdesc>Oyster polygons from "landuse_nwfwmd_2006_07" were removed from St. Andrew Bay, as these areas were later identified as sand. Restored oyster polygons in West Bay (St. Andrew Bay) were added.</procdesc>
                <procdate>20180701</procdate>
            </procstep>
            <procstep>
                <procdesc>In SW Florida oyster from National Wetlands Inventory were added to the compilation. In this area, the wetland data were created from 1999 source imagery.</procdesc>
                <procdate>20181121</procdate>
            </procstep>
            <procstep>
                <procdesc>Oyster polygons from the Indian River Lagoon (2018) were added.</procdesc>
                <procdate>20190122</procdate>
            </procstep>
            <procstep>
                <procdesc>The 2019 FWRI Suwannee oyster dataset was added to the statewide dataset.</procdesc>
                <procdate>20191106</procdate>
            </procstep>
            <procstep>
                <procdesc>Oyster data for 2018 from the Southwest Florida Water Management District were added. 2020 data for Tampa Bay from the FWC's Fish and Wildlife Research Institute was also added. These datasets completely replace the previous 2016 mapping in the Tampa Bay area and fill in data gaps. Where these data overlapped with the prevous 2008-2012 data for Sarasota, the newest data was retained.</procdesc>
                <procdate>20201211</procdate>
            </procstep>
            <procstep>
                <procdesc>Oyster beds mapped by FWRI in the Horseshoe Beach and Deadman Bay region of the Big Bend were added. These data replace portions of both the 1992 mapping effort by USGS and portions of the 2019 mapping effort by FWRI in the Suwannee River region.</procdesc>
                <procdate>20210511</procdate>
                <proccont>
                    <cntinfo>
                        <cntorgp>
                            <cntorg>Florida Fish and Wildlife Conservation Commission - Fish and Wildlife Research Institute</cntorg>
                            <cntper>GISLibrarian</cntper>
                        </cntorgp>
                        <cntpos>GIS Data Librarian</cntpos>
                        <cntaddr>
                            <addrtype>mailing and physical</addrtype>
                            <address>Fish and Wildlife Research Institute</address>
                            <address>100 8th Avenue Southeast</address>
                            <city>St. Petersburg</city>
                            <state>Florida</state>
                            <postal>33701</postal>
                        </cntaddr>
                        <cntvoice>727-896-8626</cntvoice>
                        <cntfax>727-893-1679</cntfax>
                        <cntemail>GISLibrarian@MyFWC.com</cntemail>
                    </cntinfo>
                </proccont>
            </procstep>
            <procstep>
                <procdesc>Oysters classified as "Dead" in the following sources within the compilation were removed: oysters_big_bend_poly oysters_StLucieEstuary_2003 oysters_sebastian_2006_poly oysters_mosquito_lagoon_2009_poly oysters_sjrwmd_2015 oysters_IndianRiverLagoonAP_2018_poly (named "Florida Fish and Wildlife Conservation Commission, FDEP Indian River Lagoon Aquatic Preserves, and Smithsonian Marine Station 2018" in previous compilations)</procdesc>
                <procdate>20220125</procdate>
                <proccont>
                    <cntinfo>
                        <cntorgp>
                            <cntorg>Florida Fish and Wildlife Conservation Commission - Fish and Wildlife Research Institute</cntorg>
                            <cntper>GISLibrarian</cntper>
                        </cntorgp>
                        <cntpos>GIS Data Librarian</cntpos>
                        <cntaddr>
                            <addrtype>mailing and physical</addrtype>
                            <address>Fish and Wildlife Research Institute</address>
                            <address>100 8th Avenue Southeast</address>
                            <city>St. Petersburg</city>
                            <state>Florida</state>
                            <postal>33701</postal>
                            <country>US</country>
                        </cntaddr>
                        <cntvoice>727-896-8626</cntvoice>
                        <cntemail>GISLibrarian@MyFWC.com</cntemail>
                        <hours>8:00 am - 5:00 pm Eastern Time</hours>
                    </cntinfo>
                </proccont>
            </procstep>
            <procstep>
                <procdesc>Oyster beds in the Caloosahatchee River Estuary mapped by Dial Cordy and Associates, Inc. in December 2019 were added. Previous 2004 oysters that overlapped with this dataset were removed.</procdesc>
                <procdate>20220125</procdate>
                <proccont>
                    <cntinfo>
                        <cntorgp>
                            <cntorg>Florida Fish and Wildlife Conservation Commission - Fish and Wildlife Research Institute</cntorg>
                            <cntper>GISLibrarian</cntper>
                        </cntorgp>
                        <cntpos>GIS Data Librarian</cntpos>
                        <cntaddr>
                            <addrtype>mailing and physical</addrtype>
                            <address>100 8th Avenue Southeast</address>
                            <address>Fish and Wildlife Research Institute</address>
                            <city>St. Petersburg</city>
                            <state>Florida</state>
                            <postal>33701</postal>
                            <country>US</country>
                        </cntaddr>
                        <cntvoice>727-896-8626</cntvoice>
                        <cntemail>GISLibrarian@MyFWC.com</cntemail>
                        <hours>8:00 am - 5:00 pm Eastern Time</hours>
                    </cntinfo>
                </proccont>
            </procstep>
            <procstep>
                <procdesc>Oyster beds in Pensacola Bay mapped by Marine Research Ecological Consulting, Inc. for the Nature Conservancy and Escambia County in 2021 were added. These 2021 oysters completely replaced all polygons the from seagrass_santarosa_2003 and partially replaced polygons from the ESI Florida Panhandle (Invertebrates) and oysters_panhandle_fdacs datasets.</procdesc>
                <procdate>20220308</procdate>
                <proccont>
                    <cntinfo>
                        <cntorgp>
                            <cntorg>Florida Fish and Wildlife Conservation Commission - Fish and Wildlife Research Institute</cntorg>
                            <cntper>GISLibrarian</cntper>
                        </cntorgp>
                        <cntpos>GIS Data Librarian</cntpos>
                        <cntaddr>
                            <addrtype>mailing and physical</addrtype>
                            <address>100 8th Avenue Southeast</address>
                            <address>Fish and Wildlife Research Institute</address>
                            <city>St. Petersburg</city>
                            <state>FL</state>
                            <postal>33701</postal>
                            <country>US</country>
                        </cntaddr>
                        <cntvoice>727-896-8626</cntvoice>
                        <cntemail>GISLibrarian@MyFWC.com</cntemail>
                        <hours>8:00 am - 5:00 pm Eastern Time</hours>
                    </cntinfo>
                </proccont>
            </procstep>
            <procstep>
                <procdesc>Oysters extracted from the Southwest Florida Water Management District's Seagrass in 2020 and Seagrass 2020 Springs Coast layers were added. These polygons completely replace the Water Management's Seagrass in 2018 and Seagrass 2016 Springs Coast polygons respectively. Where the Seagrass in 2020 oysters overlapped with the 2008 - 2012 Sarasota oysters, the 2020 data was retained. Living oyster reef polygons extracted from Oyster_Estero_2021 submitted by NV5 Spatial to the Florida Department of Environmental Protection for Estero Bay were also added. These 2021 polygons replace the 2004 Estero Bay oysters.</procdesc>
                <procdate>20220623</procdate>
                <proccont>
                    <cntinfo>
                        <cntorgp>
                            <cntorg>Florida Fish and Wildlife Conservation Commission - Fish and Wildlife Research Institute</cntorg>
                            <cntper>GISLibrarian</cntper>
                        </cntorgp>
                        <cntpos>GIS Data Librarian</cntpos>
                        <cntaddr>
                            <addrtype>mailing and physical</addrtype>
                            <address>100 8th Avenue Southeast</address>
                            <address>Fish and Wildlife Research Institute</address>
                            <city>St. Petersburg</city>
                            <state>FL</state>
                            <postal>33701</postal>
                            <country>US</country>
                        </cntaddr>
                        <cntvoice>727-896-8626</cntvoice>
                        <cntemail>GISLibrarian@MyFWC.com</cntemail>
                        <hours>8:00 am - 5:00 pm Eastern Time</hours>
                    </cntinfo>
                </proccont>
            </procstep>
            <procstep>
                <procdesc>Oyster data for 2022 from the GTM Research Reserve were added. 2021 data for Mosquito Lagoon were added from the IRLNEP. 2023 data for Suwannee Sound and Springs Coast Intertidal from the FWC's Fish and Wildlife Research Institute was added. Areas of overlap were replaced with the most recent data. Polygons from Big Bend's 2001 mapping effort were removed aside from polygons representing deep reefs.</procdesc>
                <procdate>20231120</procdate>
            </procstep>
            <procstep>
                <procdesc>2020 oysters data from Southwest Florida Water Management (SWFWMD) was groundtruthed by the Fish and Wildlife Research Institute (FWRI) in 2023/24 and added to replace the previous SWFWMD data. Charlotte Harbor oyster data from FWRI completely replace Oysters 2004 Caloosahatchee and Seagrass 1999 Estero Bay polygons respectively. Where the UNH 2023 Cedar Key oysters overlapped with the 2022 Suwannee oysters, the 2023 Cedar Key data was retained. Dense/Mostly Dead oysters were removed from the 2019 Caloosahatchee data.</procdesc>
                <procdate>20241001</procdate>
            </procstep>
            <procstep>
                <procdesc>Oyster data for Indian River from 2025 by Florida Fish and Wildlife Conservation Commission were added. 2025 data for Apalachicola were added from Florida State University Coastal and Marine Laboratory. 2024 data for Pensacola East Bay from The Nature Conservancy were added. 2019 data for St. Lucie Estuary from Florida Oceanographic Society were added and replaced previous data existing in the estuary (benthic_SFestuaries_USACE_2011 and oysters_StLucieEstuary_2003).</procdesc>
                <procdate>20250312</procdate>
            </procstep>
        </lineage>
    </dataqual>
    <spdoinfo>
        <direct>Vector</direct>
        <ptvctinf>
            <sdtsterm>
                <sdtstype>GT-polygon composed of chains</sdtstype>
                <ptvctcnt>36483</ptvctcnt>
            </sdtsterm>
        </ptvctinf>
    </spdoinfo>
    <eainfo xmlns:fn="http://www.w3.org/2005/xpath-functions" xmlns:xdt="http://www.w3.org/2005/xpath-datatypes" xmlns:xs="http://www.w3.org/2001/XMLSchema">
        <detailed>
            <enttyp>
                <enttypl>oysters_fl_poly</enttypl>
                <enttypd>This data set represents mapped oysters in Florida.</enttypd>
                <enttypds>Producer defined.</enttypds>
            </enttyp>
            <attr>
                <attrlabl>OBJECTID</attrlabl>
                <attrdef>Internal feature number.</attrdef>
                <attrdefs>Esri</attrdefs>
                <attrdomv>
                                        
                    <udom>Sequential unique whole numbers that are automatically generated.</udom>
                                    
                </attrdomv>
            </attr>
            <attr>
                <attrlabl>COMMENTS</attrlabl>
                <attrdef>Additional comments from source dataset.</attrdef>
                <attrdefs>FWRI</attrdefs>
                <attrdomv>
                                        
                    <udom>Additional comments from source dataset.</udom>
                                    
                </attrdomv>
            </attr>
            <attr>
                <attrlabl>DESCRIPT</attrlabl>
                <attrdef>Description of polygon features.</attrdef>
                <attrdefs>Producer defined.</attrdefs>
                <attrdomv>
                                        
                    <udom>"Oyster"</udom>
                                    
                </attrdomv>
            </attr>
            <attr>
                <attrlabl>SOURCEDATE</attrlabl>
                <attrdef>Date of source.</attrdef>
                <attrdefs>Producer defined.</attrdefs>
                <attrdomv>
                                        
                    <udom>Date of source.</udom>
                                    
                </attrdomv>
            </attr>
            <attr>
                <attrlabl>METADATA</attrlabl>
                <attrdef>Source metadata title.</attrdef>
                <attrdefs>Producer defined.</attrdefs>
                <attrdomv>
                                        
                    <udom>Metadata title.</udom>
                                    
                </attrdomv>
            </attr>
            <attr>
                <attrlabl>OYSTER</attrlabl>
                <attrdef>Indicates whether a reef contains live, dead, or restored oysters. This field is only populated if this information was present in the source data.</attrdef>
                <attrdefs>FWRI</attrdefs>
                <attrdomv>
                                        
                    <edom>
                                                
                        <edomv>Live</edomv>
                                                
                        <edomvd>Live oysters</edomvd>
                                                
                        <edomvds>FWRI</edomvds>
                                            
                    </edom>
                                    
                </attrdomv>
                <attrdomv>
                                        
                    <edom>
                                                
                        <edomv>Dead</edomv>
                                                
                        <edomvd>Dead, remnant oyster reef</edomvd>
                                                
                        <edomvds>FWRI</edomvds>
                                            
                    </edom>
                                    
                </attrdomv>
                <attrdomv>
                                        
                    <edom>
                                                
                        <edomv>Restored</edomv>
                                                
                        <edomvd>Restored oyster reef</edomvd>
                                                
                        <edomvds>FWRI</edomvds>
                                            
                    </edom>
                                    
                </attrdomv>
            </attr>
            <attr>
                <attrlabl>Shape</attrlabl>
                <attrdef>Feature geometry.</attrdef>
                <attrdefs>Esri</attrdefs>
                <attrdomv>
                                        
                    <udom>Coordinates defining the features.</udom>
                                    
                </attrdomv>
            </attr>
            <attr>
                <attrlabl>Shape_Length</attrlabl>
                <attrdef>Length of feature in internal units.</attrdef>
                <attrdefs>Esri</attrdefs>
                <attrdomv>
                                        
                    <udom>Positive real numbers that are automatically generated.</udom>
                                    
                </attrdomv>
            </attr>
            <attr>
                <attrlabl>Shape_Area</attrlabl>
                <attrdef>Area of feature in internal units squared.</attrdef>
                <attrdefs>Esri</attrdefs>
                <attrdomv>
                                        
                    <udom>Positive real numbers that are automatically generated.</udom>
                                    
                </attrdomv>
            </attr>
        </detailed>
    </eainfo>
    <distinfo>
        <distrib>
            <cntinfo>
                <cntorgp>
                    <cntorg>FWC-FWRI (Florida Fish and Wildlife Conservation Commission-Fish and Wildlife Research Institute)</cntorg>
                    <cntper>GISLibrarian</cntper>
                </cntorgp>
                <cntpos>GIS Data Librarian</cntpos>
                <cntaddr>
                    <addrtype>mailing and physical</addrtype>
                    <address>Fish and Wildlife Research Institute</address>
                    <address>100 Eighth Avenue Southeast</address>
                    <city>St. Petersburg</city>
                    <state>Florida</state>
                    <postal>33701</postal>
                </cntaddr>
                <cntvoice>727-896-8626</cntvoice>
                <cntfax>727-893-1679</cntfax>
                <cntemail>GISLibrarian@MyFWC.com</cntemail>
            </cntinfo>
        </distrib>
        <distliab>This data set is in the public domain, and the recipient may not assert any proprietary rights thereto nor represent it to anyone as other than a FWC-FWRI produced data set; it is provided "as-is" without warranty of any kind, including, but not limited to, the implied warranties of merchantability and fitness for a particular purpose. The user assumes all responsibility for the accuracy and suitability of this data set for a specific application. In no event will the staff of the Fish and Wildlife Research Institute be liable for any damages, including lost profits, lost savings, or other incidental or consequential damages arising from the use of or the inability to use this data set.</distliab>
        <stdorder>
            <digform>
                <digtinfo>
                    <formname>SHP</formname>
                    <transize>0.033</transize>
                </digtinfo>
                <digtopt>
                    <onlinopt>
                        <computer>
                            <networka>
                                <networkr>http://research.myfwc.com/</networkr>
                            </networka>
                        </computer>
                    </onlinopt>
                </digtopt>
            </digform>
            <fees>None. However, persons or organizations requesting information must provide transfer media if FTP is not available and must pay express shipping costs if express shipping is required.</fees>
            <ordering>Contact GIS Librarian by e-mail, telephone, or letter explaining which products are needed and providing a brief description of how the products will be used. Also, provide name and address of the person or organization requesting the products.</ordering>
            <turnarnd>Usually within 10 business days, although, complex requests may take longer</turnarnd>
        </stdorder>
    </distinfo>
    <metainfo>
        <metd>20250320</metd>
        <metc>
            <cntinfo>
                <cntorgp>
                    <cntorg>FWC-FWRI (Florida Fish and Wildlife Conservation Commission-Fish and Wildlife Research Institute)</cntorg>
                    <cntper>GISLibrarian</cntper>
                </cntorgp>
                <cntpos>GIS Data Librarian</cntpos>
                <cntaddr>
                    <addrtype>mailing and physical</addrtype>
                    <address>Fish and Wildlife Research Institute</address>
                    <address>100 Eighth Avenue Southeast</address>
                    <city>St. Petersburg</city>
                    <state>Florida</state>
                    <postal>33701</postal>
                </cntaddr>
                <cntvoice>727-896-8626</cntvoice>
                <cntfax>727-893-1679</cntfax>
                <cntemail>GISLibrarian@MyFWC.com</cntemail>
            </cntinfo>
        </metc>
        <metstdn>FGDC Content Standard for Digital Geospatial Metadata</metstdn>
        <metstdv>FGDC-STD-001-1998</metstdv>
        <mettc>local time</mettc>
        <metac>No restrictions on metadata</metac>
        <metuc>Metadata must be distributed with the data set.</metuc>
        <metsi>
            <metscs>FWRI-MC</metscs>
            <metshd>Metadata must be distributed with the data set.</metshd>
        </metsi>
    </metainfo>
</metadata>
